"phones"	"rating"	"bigram_score"
"S L EY1 M"	5.84	17.4687220206
"W IH1 S"	5.84	11.2075081578
"P IH1 N T"	5.67	13.0457764114
"P AE1 NG K"	5.63	13.7230128259
"S T IH1 P"	5.53	12.5986404202
"M IH1 P"	5.47	12.345062363
"S T AY1 R"	5.47	15.1180910736
"M ER1 N"	5.42	12.8720730356
"P L EY1 K"	5.39	15.5757516545
"S N EH1 L"	5.32	18.5820483048
"S T IH1 N"	5.28	10.8992785467
"R AE1 S K"	5.21	15.5439757109
"T R IH1 S K"	5.21	17.9795185536
"S P AE1 K"	5.16	14.2053891511
"D EY1 P"	5.11	14.1933433736
"G EH1 R"	5.11	13.0435464336
"G L IH1 T"	5.11	16.8296743855
"S K EH1 L"	5.11	16.356356751
"SH ER1 N"	5.11	15.912505968
"T AA1 R K"	5.11	17.7018050565
"CH EY1 K"	5.05	15.02346574
"G L IY1 D"	5.05	16.1177569159
"G R AY1 N T"	5	17.6264897803
"P R IY1 K"	5	13.3959600631
"SH IH1 L K"	4.89	21.2701399817
"D AY1 Z"	4.84	12.7300286206
"N EY1 S"	4.84	14.9520041
"T AH1 NG K"	4.84	15.0455755035
"S K W IH1 L"	4.83	18.2100208066
"L AH1 M"	4.79	11.5691561717
"P AH1 M"	4.79	11.1208613821
"S P L IH1 NG"	4.72	15.5732368736
"G R EH1 L"	4.63	14.6237018915
"T EH1 SH"	4.63	14.517297555
"T IY1 P"	4.63	12.9804656724
"B AY1 Z"	4.58	12.8206373747
"G L IH1 P"	4.53	17.3767935351
"CH AY1 N D"	4.37	17.7469062998
"P L IH1 M"	4.37	15.1258771077
"G UW1 D"	4.32	15.4477907331
"B L EY1 F"	4.21	19.4849353181
"G EH1 Z"	4.21	16.4659046194
"D R IH1 T"	4.16	15.5634796031
"F L IY1 P"	4.16	15.292489182
"Z EY1"	4.16	15.2080207776
"S K R AY1 D"	4.11	18.7222848353
"K IH1 V"	4.05	12.5909514411
"F L EH1 T"	4	16.4901602301
"N OW1 L D"	4	19.1011496671
"S K IH1 K"	4	14.6276707094
"B R EH1 JH"	3.95	17.3182631168
"K W IY1 D"	3.95	16.0387143992
"S K OY1 L"	3.89	19.3503416327
"D R AY1 S"	3.84	17.7582394275
"F L IH1 JH"	3.79	17.3120269099
"B L IH1 G"	3.53	16.3465902696
"Z EY1 P S"	3.47	24.8247794943
"CH UW1 L"	3.42	14.492066465
"SH AY1 N T"	3.42	18.5025856364
"SH R UH1 K S"	3.32	26.7333882367
"G W EH1 N JH"	3.32	22.7222820707
"N AH1 NG"	3.28	15.7543317149
"S K W AA1 L K"	3.26	25.7522965891
"T W UW1"	3.17	17.9181607974
"S M AH1 M"	3.05	14.9399085517
"S N OY1 K S"	3	32.2834480776
"S F UW1 N D"	2.94	23.2410059636
"P W IH1 P"	2.89	20.9279520714
"R AY1 N T"	2.89	14.4115329654
"S K L UW1 N D"	2.83	22.6609661432
"S M IY1 R G"	2.79	27.6006779935
"F R IH1 L G"	2.68	24.2985733711
"SH W UW1 JH"	2.68	28.2698580288
"TH R OY1 K S"	2.68	32.4848700649
"T R IH1 L B"	2.63	22.0972509784
"K R IH1 L G"	2.58	23.7192836422
"S M EH1 R G"	2.58	22.4729746278
"TH W IY1 K S"	2.53	23.9837138144
"S M EH1 R F"	2.47	23.1359396405
"S M IY1 L TH"	2.47	26.3774278864
"P L OW1 M F"	2.42	23.3364676401
"P L OW1 N TH"	2.26	22.8048167972
"TH EY1 P T"	2.26	23.3800829725
"S M IY1 N TH"	2.06	25.0431459742
"S P R AA1 R F"	2.05	24.0310961938
"P W AH1 JH"	1.74	23.2054776358
